{
    "nDynamicsAux_ctrlShape": {
        "curve": "nDynamicsAux_ctrl",
        "useObjectColor": 1,
        "objectColor": 6,
        "wireColorRGB": "(0.20000000298023224, 0.10000000149011612, 0.699999988079071)",
        "lineWidth": -1.0,
        "visibility": true,
        "curve_degree": 1,
        "curve_spans": 12,
        "curve_form": 0,
        "cv_positions": "[(-4.503246903624367, 0.0, 107.2789618507642), (-7.79985240826015, 0.0, 110.57556735539998), (-9.006493807248734, 0.0, 115.07881425902436), (-7.79985240826015, 0.0, 119.58206116264873), (-4.503246903624367, 0.0, 122.8786666672845), (0.0, 0.0, 124.08530806627309), (4.503246903624367, 0.0, 122.8786666672845), (7.79985240826015, 0.0, 119.58206116264873), (9.006493807248734, 0.0, 115.07881425902436), (7.79985240826015, 0.0, 110.57556735539998), (4.503246903624367, 0.0, 107.2789618507642), (0.0, 0.0, 106.07232045177562), (-4.503246903624367, 0.0, 107.2789618507642)]"
    },
    "root_ctrlShape": {
        "curve": "root_ctrl",
        "useObjectColor": 1,
        "objectColor": 6,
        "wireColorRGB": "(0.5774999856948853, 0.08820000290870667, 0.18970000743865967)",
        "lineWidth": -1.0,
        "visibility": true,
        "curve_degree": 1,
        "curve_spans": 10,
        "curve_form": 0,
        "cv_positions": "[(4.571218441439875, 0.0, 100.5668057116772), (68.56827662159809, 0.0, 41.1409659729589), (77.71071350447784, 0.0, 13.713655324319628), (73.139495063038, 0.0, -27.427310648639256), (54.85462129727851, 0.0, -45.71218441439875), (-54.85462129727851, 0.0, -45.71218441439875), (-73.139495063038, 0.0, -27.427310648639256), (-77.71071350447784, 0.0, 13.713655324319628), (-68.56827662159809, 0.0, 41.1409659729589), (-4.571218441439875, 0.0, 100.5668057116772), (4.571218441439875, 0.0, 100.5668057116772)]"
    },
    "pelvis_ctrlShape": {
        "curve": "pelvis_ctrl",
        "useObjectColor": 1,
        "objectColor": 1,
        "wireColorRGB": "(0.0, 0.0, 0.0)",
        "lineWidth": -1.0,
        "visibility": true,
        "curve_degree": 1,
        "curve_spans": 4,
        "curve_form": 0,
        "cv_positions": "[(-46.966125236166164, 4.034505302550765e-15, -46.966125236166214), (46.96612523616655, 4.034505302550765e-15, -46.966125236166214), (46.96612523616655, 4.034505302550765e-15, 46.966125236166214), (-46.966125236166164, 4.034505302550765e-15, 46.966125236166214), (-46.966125236166164, 4.034505302550765e-15, -46.966125236166214)]"
    },
    "fkTail_09_ctrlShape": {
        "curve": "fkTail_09_ctrl",
        "useObjectColor": 2,
        "objectColor": 1,
        "wireColorRGB": "(1.0, 0.0, 0.0)",
        "lineWidth": -1.0,
        "visibility": true,
        "curve_degree": 1,
        "curve_spans": 12,
        "curve_form": 0,
        "cv_positions": "[(-7.700611455770041e-15, 4.010107734241799, -6.945710314736386), (-9.033223748893316e-15, 6.945710314736392, -4.010107734241781), (-7.821758027872151e-15, 8.020215468483586, -2.867694570992209e-30), (-9.033223748893316e-15, 6.945710314736392, 4.010107734241781), (-7.700611455770041e-15, 4.010107734241799, 6.945710314736386), (-7.753380614535547e-15, 1.4210854715202e-14, 8.020215468483562), (-7.579464883667904e-15, -4.0101077342417755, 6.945710314736386), (-7.094878595259446e-15, -6.945710314736385, 4.010107734241781), (-7.337171739463667e-15, -8.020215468483556, -2.867694570992209e-30), (-7.094878595259446e-15, -6.945710314736385, -4.010107734241781), (-7.579464883667904e-15, -4.0101077342417755, -6.945710314736386), (-7.753380614535547e-15, 1.4210854715202e-14, -8.020215468483562), (-7.700611455770041e-15, 4.010107734241799, -6.945710314736386)]"
    },
    "fkTail_08_ctrlShape": {
        "curve": "fkTail_08_ctrl",
        "useObjectColor": 2,
        "objectColor": 1,
        "wireColorRGB": "(1.0, 0.0, 0.0)",
        "lineWidth": -1.0,
        "visibility": true,
        "curve_degree": 1,
        "curve_spans": 12,
        "curve_form": 0,
        "cv_positions": "[(-2.250571306736616e-16, 7.449681197747536, -12.903226288626444), (0.0, 12.903226288626444, -7.449681197747536), (-4.501142613473232e-16, 14.899362395495071, -3.4248452591673926e-31), (0.0, 12.903226288626444, 7.449681197747536), (-2.250571306736616e-16, 7.449681197747536, 12.903226288626444), (0.0, 0.0, 14.899362395495071), (2.250571306736616e-16, -7.449681197747536, 12.903226288626444), (0.0, -12.903226288626444, 7.449681197747536), (4.501142613473232e-16, -14.899362395495071, -3.4248452591673926e-31), (0.0, -12.903226288626444, -7.449681197747536), (2.250571306736616e-16, -7.449681197747536, -12.903226288626444), (0.0, 0.0, -14.899362395495071), (-2.250571306736616e-16, 7.449681197747536, -12.903226288626444)]"
    },
    "fkTail_07_ctrlShape": {
        "curve": "fkTail_07_ctrl",
        "useObjectColor": 2,
        "objectColor": 1,
        "wireColorRGB": "(1.0, 0.0, 0.0)",
        "lineWidth": -1.0,
        "visibility": true,
        "curve_degree": 1,
        "curve_spans": 12,
        "curve_form": 0,
        "cv_positions": "[(-1.8653861107944136e-14, 9.714032857272468, -16.825198395125533), (-2.1881963807247843e-14, 16.825198395125547, -9.714032857272434), (-1.8947324989698972e-14, 19.42806571454491, 8.119431735151242e-30), (-2.1881963807247843e-14, 16.825198395125547, 9.714032857272434), (-1.8653861107944136e-14, 9.714032857272468, 16.825198395125533), (-1.8781688432312893e-14, 1.4210854715202e-14, 19.428065714544868), (-1.8360397226189174e-14, -9.714032857272416, 16.825198395125533), (-1.718654169916965e-14, -16.825198395125526, 9.714032857272434), (-1.777346946267941e-14, -19.428065714544857, 8.119431735151242e-30), (-1.718654169916965e-14, -16.825198395125526, -9.714032857272434), (-1.8360397226189174e-14, -9.714032857272416, -16.825198395125533), (-1.8781688432312893e-14, 1.4210854715202e-14, -19.428065714544868), (-1.8653861107944136e-14, 9.714032857272468, -16.825198395125533)]"
    },
    "fkTail_06_ctrlShape": {
        "curve": "fkTail_06_ctrl",
        "useObjectColor": 2,
        "objectColor": 1,
        "wireColorRGB": "(1.0, 0.0, 0.0)",
        "lineWidth": -1.0,
        "visibility": true,
        "curve_degree": 1,
        "curve_spans": 12,
        "curve_form": 0,
        "cv_positions": "[(-2.1993432837218858e-14, 11.453121044949443, -19.83738748427181), (-2.579945773994236e-14, 19.837387484271826, -11.45312104494941), (-2.2339435101102727e-14, 22.906242089898868, 1.4092354258415557e-29), (-2.579945773994236e-14, 19.837387484271826, 11.45312104494941), (-2.1993432837218858e-14, 11.453121044949443, 19.83738748427181), (-2.2144144888573655e-14, 1.4210854715202e-14, 22.90624208989882), (-2.164743057333481e-14, -11.453121044949395, 19.83738748427181), (-2.0263421517799e-14, -19.8373874842718, 11.45312104494941), (-2.095542604556687e-14, -22.906242089898814, 1.4092354258415557e-29), (-2.0263421517799e-14, -19.8373874842718, -11.45312104494941), (-2.164743057333481e-14, -11.453121044949395, -19.83738748427181), (-2.2144144888573655e-14, 1.4210854715202e-14, -22.90624208989882), (-2.1993432837218858e-14, 11.453121044949443, -19.83738748427181)]"
    },
    "fkTail_05_ctrlShape": {
        "curve": "fkTail_05_ctrl",
        "useObjectColor": 2,
        "objectColor": 1,
        "wireColorRGB": "(1.0, 0.0, 0.0)",
        "lineWidth": -1.0,
        "visibility": true,
        "curve_degree": 1,
        "curve_spans": 12,
        "curve_form": 0,