{
    "hydroPistonikParentBot_ctrlShape": {
        "curve": "hydroPistonikParentBot_ctrl",
        "useObjectColor": 2,
        "objectColor": 1,
        "wireColorRGB": "(0.5, 0.25, 1.0)",
        "lineWidth": -1.0,
        "curve_degree": 1,
        "curve_spans": 4,
        "curve_form": 0,
        "cv_positions": "[(-9.202895091233643, 0.0, -12.593742166492559), (9.202895091233643, 0.0, -12.593742166492559), (9.202895091233643, 0.0, 12.593742166492559), (-9.202895091233643, 0.0, 12.593742166492559), (-9.202895091233643, 0.0, -12.593742166492559)]"
    },
    "hydroPistonBase_ctrlShape": {
        "curve": "hydroPistonBase_ctrl",
        "useObjectColor": 2,
        "objectColor": 1,
        "wireColorRGB": "(0.800000011920929, 0.800000011920929, 0.0)",
        "lineWidth": -1.0,
        "curve_degree": 1,
        "curve_spans": 16,
        "curve_form": 0,
        "cv_positions": "[(-6.562332455524501, 0.0, -15.842893763729021), (-12.125618409453114, 0.0, -12.125629068338496), (-15.842888808895855, 0.0, -6.562346536841232), (-17.14822124183045, 0.0, -6.524273242262604e-06), (-15.842892231327253, 0.0, 6.562334345554116), (-12.125626395126286, 0.0, 12.125620299482744), (-6.562342722818598, 0.0, 15.84288955811499), (-2.5552840551239753e-06, 0.0, 17.14822085023913), (6.562338159576787, 0.0, 15.842890698925453), (12.125621831884473, 0.0, 12.12562372191409), (15.842889949706317, 0.0, 6.56234062001161), (17.14822124183045, 0.0, -3.915912923727347e-07), (15.842894512948128, 0.0, -6.562331135900113), (12.125629817557666, 0.0, -12.12561766023397), (6.562348426870843, 0.0, -15.842885778055804), (8.687966005013853e-06, 0.0, -17.148220492611266), (-6.562332455524501, 0.0, -15.84289376372896)]"
    },
    "hydroPistonikParentTop_ctrlShape": {
        "curve": "hydroPistonikParentTop_ctrl",
        "useObjectColor": 2,
        "objectColor": 1,
        "wireColorRGB": "(0.5, 0.25, 1.0)",
        "lineWidth": -1.0,
        "curve_degree": 1,
        "curve_spans": 4,
        "curve_form": 0,
        "cv_positions": "[(-4.486178164396935, 0.0, -6.921413628269357), (4.486178164396935, 0.0, -6.921413628269357), (4.486178164396935, 0.0, 6.921413628269357), (-4.486178164396935, 0.0, 6.921413628269357), (-4.486178164396935, 0.0, -6.921413628269357)]"
    }
}