{
    "cylinder_crvShape": {
        "curve": "cylinder_crv",
        "useObjectColor": 1,
        "objectColor": 6,
        "wireColorRGB": "(0.0, 0.0, 0.0)",
        "lineWidth": -1.0,
        "curve_degree": 1,
        "curve_spans": 8,
        "curve_form": 0,
        "cv_positions": "[(7.047542214116207, 5.872951845096839, 0.0), (4.983317099601571, 5.872951845096839, -4.983317099601571), (0.0, 5.872951845096839, -7.047542214116207), (-4.983317099601571, 5.872951845096839, -4.983317099601571), (-7.047542214116207, 5.872951845096839, 0.0), (-4.983317099601571, 5.872951845096839, 4.983317099601571), (0.0, 5.872951845096839, 7.047542214116207), (4.983317099601571, 5.872951845096839, 4.983317099601571), (7.047542214116207, 5.872951845096839, 0.0)]"
    },
    "cylinder_crvShape1": {
        "curve": "cylinder_crv",
        "useObjectColor": 1,
        "objectColor": 6,
        "wireColorRGB": "(0.0, 0.0, 0.0)",
        "lineWidth": -1.0,
        "curve_degree": 1,
        "curve_spans": 2,
        "curve_form": 0,
        "cv_positions": "[(-4.983317099601571, 5.872951845096839, 4.983317099601571), (-4.983317099601571, 0.0, 4.983317099601571), (-4.983317099601571, -5.872951845096839, 4.983317099601571)]"
    },
    "cylinder_crvShape2": {
        "curve": "cylinder_crv",
        "useObjectColor": 1,
        "objectColor": 6,
        "wireColorRGB": "(0.0, 0.0, 0.0)",
        "lineWidth": -1.0,
        "curve_degree": 1,
        "curve_spans": 2,
        "curve_form": 0,
        "cv_positions": "[(-7.047542214116207, 5.872951845096839, 0.0), (-7.047542214116207, 0.0, 0.0), (-7.047542214116207, -5.872951845096839, 0.0)]"
    },
    "cylinder_crvShape3": {
        "curve": "cylinder_crv",
        "useObjectColor": 1,
        "objectColor": 6,
        "wireColorRGB": "(0.0, 0.0, 0.0)",
        "lineWidth": -1.0,
        "curve_degree": 1,
        "curve_spans": 2,
        "curve_form": 0,
        "cv_positions": "[(-4.983317099601571, 5.872951845096839, -4.983317099601571), (-4.983317099601571, 0.0, -4.983317099601571), (-4.983317099601571, -5.872951845096839, -4.983317099601571)]"
    },
    "cylinder_crvShape4": {
        "curve": "cylinder_crv",
        "useObjectColor": 1,
        "objectColor": 6,
        "wireColorRGB": "(0.0, 0.0, 0.0)",
        "lineWidth": -1.0,
        "curve_degree": 1,
        "curve_spans": 2,
        "curve_form": 0,
        "cv_positions": "[(0.0, 5.872951845096839, -7.047542214116207), (0.0, 0.0, -7.047542214116207), (0.0, -5.872951845096839, -7.047542214116207)]"
    },
    "cylinder_crvShape5": {
        "curve": "cylinder_crv",
        "useObjectColor": 1,
        "objectColor": 6,
        "wireColorRGB": "(0.0, 0.0, 0.0)",
        "lineWidth": -1.0,
        "curve_degree": 1,
        "curve_spans": 2,
        "curve_form": 0,
        "cv_positions": "[(4.983317099601571, 5.872951845096839, -4.983317099601571), (4.983317099601571, 0.0, -4.983317099601571), (4.983317099601571, -5.872951845096839, -4.983317099601571)]"
    },
    "cylinder_crvShape6": {
        "curve": "cylinder_crv",
        "useObjectColor": 1,
        "objectColor": 6,
        "wireColorRGB": "(0.0, 0.0, 0.0)",
        "lineWidth": -1.0,
        "curve_degree": 1,
        "curve_spans": 2,
        "curve_form": 0,
        "cv_positions": "[(7.047542214116207, 5.872951845096839, 0.0), (7.047542214116207, 0.0, 0.0), (7.047542214116207, -5.872951845096839, 0.0)]"
    },
    "cylinder_crvShape7": {
        "curve": "cylinder_crv",
        "useObjectColor": 1,
        "objectColor": 6,
        "wireColorRGB": "(0.0, 0.0, 0.0)",
        "lineWidth": -1.0,
        "curve_degree": 1,
        "curve_spans": 2,
        "curve_form": 0,
        "cv_positions": "[(4.983317099601571, 5.872951845096839, 4.983317099601571), (4.983317099601571, 0.0, 4.983317099601571), (4.983317099601571, -5.872951845096839, 4.983317099601571)]"
    },
    "cylinder_crvShape8": {
        "curve": "cylinder_crv",
        "useObjectColor": 1,
        "objectColor": 6,
        "wireColorRGB": "(0.0, 0.0, 0.0)",
        "lineWidth": -1.0,
        "curve_degree": 1,
        "curve_spans": 2,
        "curve_form": 0,
        "cv_positions": "[(0.0, 5.872951845096839, 7.047542214116207), (0.0, 0.0, 7.047542214116207), (0.0, -5.872951845096839, 7.047542214116207)]"
    },
    "cylinder_crvShape9": {
        "curve": "cylinder_crv",
        "useObjectColor": 1,
        "objectColor": 6,
        "wireColorRGB": "(0.0, 0.0, 0.0)",
        "lineWidth": -1.0,
        "curve_degree": 1,
        "curve_spans": 8,
        "curve_form": 0,
        "cv_positions": "[(7.047542214116207, -5.872951845096839, 0.0), (4.983317099601571, -5.872951845096839, -4.983317099601571), (0.0, -5.872951845096839, -7.047542214116207), (-4.983317099601571, -5.872951845096839, -4.983317099601571), (-7.047542214116207, -5.872951845096839, 0.0), (-4.983317099601571, -5.872951845096839, 4.983317099601571), (0.0, -5.872951845096839, 7.047542214116207), (4.983317099601571, -5.872951845096839, 4.983317099601571), (7.047542214116207, -5.872951845096839, 0.0)]"
    },
    "cylinder_crvShape10": {
        "curve": "cylinder_crv",
        "useObjectColor": 1,
        "objectColor": 6,
        "wireColorRGB": "(0.0, 0.0, 0.0)",
        "lineWidth": -1.0,
        "curve_degree": 1,
        "curve_spans": 8,
        "curve_form": 0,
        "cv_positions": "[(7.047542214116207, 0.0, 0.0), (4.983317099601571, 0.0, -4.983317099601571), (0.0, 0.0, -7.047542214116207), (-4.983317099601571, 0.0, -4.983317099601571), (-7.047542214116207, 0.0, 0.0), (-4.983317099601571, 0.0, 4.983317099601571), (0.0, 0.0, 7.047542214116207), (4.983317099601571, 0.0, 4.983317099601571), (7.047542214116207, 0.0, 0.0)]"
    }
}