{
    "dodecagon_crvShape": {
        "curve": "dodecagon_crv",
        "useObjectColor": 1,
        "objectColor": 1,
        "wireColorRGB": "(0.0, 0.0, 0.0)",
        "lineWidth": -1.0,
        "curve_degree": 1,
        "curve_spans": 12,
        "curve_form": 0,
        "cv_positions": "[(-3.6749813556671143, 0.0, -6.3652544021606445), (-6.3652544021606445, 0.0, -3.6749813556671143), (-7.3499627113342285, 0.0, 0.0), (-6.3652544021606445, 0.0, 3.6749813556671143), (-3.6749813556671143, 0.0, 6.3652544021606445), (0.0, 0.0, 7.3499627113342285), (3.6749813556671143, 0.0, 6.3652544021606445), (6.3652544021606445, 0.0, 3.6749813556671143), (7.3499627113342285, 0.0, 0.0), (6.3652544021606445, 0.0, -3.6749813556671143), (3.6749813556671143, 0.0, -6.3652544021606445), (0.0, 0.0, -7.3499627113342285), (-3.6749813556671143, 0.0, -6.3652544021606445)]"
    }
}