{
    "fourArrow_crvShape": {
        "curve": "fourArrow_crv",
        "useObjectColor": 1,
        "objectColor": 2,
        "wireColorRGB": "(0.0, 0.0, 0.0)",
        "lineWidth": -1.0,
        "curve_degree": 3,
        "curve_spans": 24,
        "curve_form": 0,
        "cv_positions": "[(-5.428804542820404, 0.0, -5.428804542820404), (-4.37029480742824, 0.0, -6.443922142459181), (-3.1267415509161167, 0.0, -7.0401650445976625), (-2.0151125460114874, 0.0, -7.388594015577136), (-2.0151125460114874, 0.0, -7.388594015577136), (-2.0151125460114874, 0.0, -7.388594015577136), (-1.856970629193978, 0.0, -8.969253251427306), (-1.856970629193978, 0.0, -8.969253251427306), (-1.856970629193978, 0.0, -8.969253251427306), (-3.717740920012596, 0.0, -8.965529583035156), (-3.717740920012596, 0.0, -8.965529583035156), (-3.717740920012596, 0.0, -8.965529583035156), (0.0, 0.0, -15.648906401079142), (0.0, 0.0, -15.648906401079142), (0.0, 0.0, -15.648906401079142), (3.72518825679689, 0.0, -8.980500249836238), (3.72518825679689, 0.0, -8.980500249836238), (3.72518825679689, 0.0, -8.980500249836238), (1.8644939592107648, 0.0, -8.976776581444094), (1.8644939592107648, 0.0, -8.976776581444094), (1.8644939592107648, 0.0, -8.976776581444094), (2.0151125460114874, 0.0, -7.388594015577136), (2.0151125460114874, 0.0, -7.388594015577136), (2.0151125460114874, 0.0, -7.388594015577136), (3.232600123778582, 0.0, -6.9654636970572446), (4.481700886262681, 0.0, -6.377200084330506), (5.428804542820404, 0.0, -5.428804542820404)]"
    },
    "fourArrow_crvShape1": {
        "curve": "fourArrow_crv",
        "useObjectColor": 1,
        "objectColor": 2,
        "wireColorRGB": "(0.0, 0.0, 0.0)",
        "lineWidth": -1.0,
        "curve_degree": 3,
        "curve_spans": 24,
        "curve_form": 0,
        "cv_positions": "[(-5.428804542820404, 0.0, 5.428804542820404), (-4.37029480742824, 0.0, 6.443922142459181), (-3.1267415509161167, 0.0, 7.0401650445976625), (-2.0151125460114874, 0.0, 7.388594015577136), (-2.0151125460114874, 0.0, 7.388594015577136), (-2.0151125460114874, 0.0, 7.388594015577136), (-1.856970629193978, 0.0, 8.969253251427306), (-1.856970629193978, 0.0, 8.969253251427306), (-1.856970629193978, 0.0, 8.969253251427306), (-3.717740920012596, 0.0, 8.965529583035156), (-3.717740920012596, 0.0, 8.965529583035156), (-3.717740920012596, 0.0, 8.965529583035156), (0.0, 0.0, 15.648906401079142), (0.0, 0.0, 15.648906401079142), (0.0, 0.0, 15.648906401079142), (3.72518825679689, 0.0, 8.980500249836238), (3.72518825679689, 0.0, 8.980500249836238), (3.72518825679689, 0.0, 8.980500249836238), (1.8644939592107648, 0.0, 8.976776581444094), (1.8644939592107648, 0.0, 8.976776581444094), (1.8644939592107648, 0.0, 8.976776581444094), (2.0151125460114874, 0.0, 7.388594015577136), (2.0151125460114874, 0.0, 7.388594015577136), (2.0151125460114874, 0.0, 7.388594015577136), (3.232600123778582, 0.0, 6.9654636970572446), (4.481700886262681, 0.0, 6.377200084330506), (5.428804542820404, 0.0, 5.428804542820404)]"
    },
    "fourArrow_crvShape2": {
        "curve": "fourArrow_crv",
        "useObjectColor": 1,
        "objectColor": 2,
        "wireColorRGB": "(0.0, 0.0, 0.0)",
        "lineWidth": -1.0,
        "curve_degree": 3,
        "curve_spans": 24,
        "curve_form": 0,
        "cv_positions": "[(5.428804542820404, 0.0, -5.428804542820404), (6.443922142459181, 0.0, -4.37029480742824), (7.0401650445976625, 0.0, -3.1267415509161167), (7.388594015577136, 0.0, -2.0151125460114874), (7.388594015577136, 0.0, -2.0151125460114874), (7.388594015577136, 0.0, -2.0151125460114874), (8.969253251427306, 0.0, -1.856970629193978), (8.969253251427306, 0.0, -1.856970629193978), (8.969253251427306, 0.0, -1.856970629193978), (8.965529583035156, 0.0, -3.717740920012596), (8.965529583035156, 0.0, -3.717740920012596), (8.965529583035156, 0.0, -3.717740920012596), (15.648906401079142, 0.0, 0.0), (15.648906401079142, 0.0, 0.0), (15.648906401079142, 0.0, 0.0), (8.980500249836238, 0.0, 3.72518825679689), (8.980500249836238, 0.0, 3.72518825679689), (8.980500249836238, 0.0, 3.72518825679689), (8.976776581444094, 0.0, 1.8644939592107648), (8.976776581444094, 0.0, 1.8644939592107648), (8.976776581444094, 0.0, 1.8644939592107648), (7.388594015577136, 0.0, 2.0151125460114874), (7.388594015577136, 0.0, 2.0151125460114874), (7.388594015577136, 0.0, 2.0151125460114874), (6.9654636970572446, 0.0, 3.232600123778582), (6.377200084330506, 0.0, 4.481700886262681), (5.428804542820404, 0.0, 5.428804542820404)]"
    },
    "fourArrow_crvShape3": {
        "curve": "fourArrow_crv",
        "useObjectColor": 1,
        "objectColor": 2,
        "wireColorRGB": "(0.0, 0.0, 0.0)",
        "lineWidth": -1.0,
        "curve_degree": 3,
        "curve_spans": 24,
        "curve_form": 0,
        "cv_positions": "[(-5.428804542820404, 0.0, 5.428804542820404), (-6.443922142459181, 0.0, 4.37029480742824), (-7.0401650445976625, 0.0, 3.1267415509161167), (-7.388594015577136, 0.0, 2.0151125460114874), (-7.388594015577136, 0.0, 2.0151125460114874), (-7.388594015577136, 0.0, 2.0151125460114874), (-8.969253251427306, 0.0, 1.856970629193978), (-8.969253251427306, 0.0, 1.856970629193978), (-8.969253251427306, 0.0, 1.856970629193978), (-8.965529583035156, 0.0, 3.717740920012596), (-8.965529583035156, 0.0, 3.717740920012596), (-8.965529583035156, 0.0, 3.717740920012596), (-15.648906401079142, 0.0, 0.0), (-15.648906401079142, 0.0, 0.0), (-15.648906401079142, 0.0, 0.0), (-8.980500249836238, 0.0, -3.72518825679689), (-8.980500249836238, 0.0, -3.72518825679689), (-8.980500249836238, 0.0, -3.72518825679689), (-8.976776581444094, 0.0, -1.8644939592107648), (-8.976776581444094, 0.0, -1.8644939592107648), (-8.976776581444094, 0.0, -1.8644939592107648), (-7.388594015577136, 0.0, -2.0151125460114874), (-7.388594015577136, 0.0, -2.0151125460114874), (-7.388594015577136, 0.0, -2.0151125460114874), (-6.9654636970572446, 0.0, -3.232600123778582), (-6.377200084330506, 0.0, -4.481700886262681), (-5.428804542820404, 0.0, -5.428804542820404)]"
    },
    "fourArrow_crvShape4": {
        "curve": "fourArrow_crv",
        "useObjectColor": 1,
        "objectColor": 2,
        "wireColorRGB": "(0.0, 0.0, 0.0)",
        "lineWidth": -1.0,
        "curve_degree": 3,
        "curve_spans": 8,
        "curve_form": 2,
        "cv_positions": "[(5.538073776680776, 3.391092162027004e-16, -5.538073776680776), (4.795728526795687e-16, 4.795728526795687e-16, -7.8320190444047375), (-5.538073776680776, 3.3910921620270024e-16, -5.5380737766807755), (-7.832019044404741, 2.4861141369128464e-32, -4.060132502928642e-16), (-5.538073776680776, -3.391092162027004e-16, 5.538073776680776), (-7.845387042411157e-16, -4.79572852679569e-16, 7.832019044404743), (5.538073776680776, -3.3910921620270024e-16, 5.5380737766807755), (7.832019044404741, -6.539918059337194e-32, 1.0680496717732068e-15)]"
    }
}