{
    "hexadecagon_crvShape": {
        "curve": "hexadecagon_crv",
        "useObjectColor": 1,
        "objectColor": 1,
        "wireColorRGB": "(0.0, 0.0, 0.0)",
        "lineWidth": -1.0,
        "curve_degree": 1,
        "curve_spans": 16,
        "curve_form": 0,
        "cv_positions": "[(-2.7429306507110596, 0.0, -6.622029304504409), (-5.068278789520264, 0.0, -5.0682830810546875), (-6.622027397155762, 0.0, -2.742936372756958), (-7.16763162612915, 0.0, -2.5633448785811197e-06), (-6.622028827667236, 0.0, 2.742931604385376), (-5.068282127380371, 0.0, 5.06827974319458), (-2.7429349422454834, 0.0, 6.62202787399292), (-1.068060328179854e-06, 0.0, 7.16763162612915), (2.7429330348968506, 0.0, 6.622028350830078), (5.068280220031738, 0.0, 5.068281173706055), (6.62202787399292, 0.0, 2.742934226989746), (7.16763162612915, 0.0, 0.0), (6.622029781341553, 0.0, -2.7429299354553223), (5.068283557891846, 0.0, -5.0682783126831055), (2.7429373264312744, 0.0, -6.622025966644287), (3.6314052067609737e-06, 0.0, -7.167631149291992), (-2.7429306507110596, 0.0, -6.62202930450438)]"
    }
}