{
    "octagon_crvShape": {
        "curve": "octagon_crv",
        "useObjectColor": 1,
        "objectColor": 1,
        "wireColorRGB": "(0.0, 0.0, 0.0)",
        "lineWidth": -1.0,
        "curve_degree": 1,
        "curve_spans": 8,
        "curve_form": 0,
        "cv_positions": "[(-2.7389650344848633, 0.0, -6.6124467849731445), (-6.612446308135986, 0.0, -2.7389652729034424), (-6.6124467849731445, 0.0, 2.7389650344848633), (-2.7389652729034424, 0.0, 6.6124467849731445), (2.7389655113220215, 0.0, 6.612447261810303), (6.612447261810303, 0.0, 2.7389655113220215), (6.6124467849731445, 0.0, -2.7389650344848633), (2.7389652729034424, 0.0, -6.612446308135986), (-2.7389650344848633, 0.0, -6.6124467849731445)]"
    }
}