{
    "fkSpine_04_ctrlShape": {
        "curve": "fkSpine_04_ctrl",
        "useObjectColor": 2,
        "objectColor": 0,
        "wireColorRGB": "(0.8999999761581421, 0.10000000149011612, 0.0)",
        "lineWidth": -1.0,
        "curve_degree": 1,
        "curve_spans": 12,
        "curve_form": 0,
        "cv_positions": "[(1.303499361922413e-14, 8.587549542273017, -14.874072066633152), (1.1531191256456856e-14, 14.87407206663316, -8.587549542273004), (1.1531191256456856e-14, 17.17509908454602, 0.0), (1.1531191256456856e-14, 14.87407206663316, 8.587549542273004), (1.303499361922413e-14, 8.587549542273017, 14.874072066633152), (1.4210854715202e-14, 9.6243351217105e-15, 17.17509908454601), (1.4839556454544854e-14, -8.58754954227299, 14.874072066633152), (1.3937275036884485e-14, -14.874072066633142, 8.587549542273004), (1.7546400707525916e-14, -17.175099084546, 0.0), (1.3937275036884485e-14, -14.874072066633142, -8.587549542273004), (1.4839556454544854e-14, -8.58754954227299, -14.874072066633152), (1.4210854715202e-14, 9.6243351217105e-15, -17.17509908454601), (1.303499361922413e-14, 8.587549542273017, -14.874072066633152)]"
    },
    "fkSpine_03_ctrlShape": {
        "curve": "fkSpine_03_ctrl",
        "useObjectColor": 2,
        "objectColor": 0,
        "wireColorRGB": "(0.8999999761581421, 0.10000000149011612, 0.0)",
        "lineWidth": -1.0,
        "curve_degree": 1,
        "curve_spans": 12,
        "curve_form": 0,
        "cv_positions": "[(-1.5038023627672656e-15, 8.587549542273008, -14.874072066633152), (-1.8045628353207187e-15, 14.874072066633149, -8.587549542273004), (-3.007604725534531e-15, 17.175099084546016, 0.0), (-1.8045628353207187e-15, 14.874072066633149, 8.587549542273004), (-1.5038023627672656e-15, 8.587549542273008, 14.874072066633152), (0.0, 0.0, 17.17509908454601), (1.5038023627672656e-15, -8.587549542273008, 14.874072066633152), (1.8045628353207187e-15, -14.874072066633149, 8.587549542273004), (3.007604725534531e-15, -17.175099084546016, 0.0), (1.8045628353207187e-15, -14.874072066633149, -8.587549542273004), (1.5038023627672656e-15, -8.587549542273008, -14.874072066633152), (0.0, 0.0, -17.17509908454601), (-1.5038023627672656e-15, 8.587549542273008, -14.874072066633152)]"
    },
    "fkSpine_02_ctrlShape": {
        "curve": "fkSpine_02_ctrl",
        "useObjectColor": 2,
        "objectColor": 0,
        "wireColorRGB": "(0.8999999761581421, 0.10000000149011612, 0.0)",
        "lineWidth": -1.0,
        "curve_degree": 1,
        "curve_spans": 12,
        "curve_form": 0,
        "cv_positions": "[(-2.901507918634357e-16, 8.587549542273008, -14.874072066633152), (-8.916717369703417e-16, 14.874072066633147, -8.587549542273004), (-2.0947136271841557e-15, 17.175099084546016, 0.0), (-8.916717369703417e-16, 14.874072066633147, 8.587549542273004), (-2.901507918634357e-16, 8.587549542273008, 14.874072066633152), (1.2030418902138124e-15, -1.77635683940025e-15, 17.17509908454601), (2.7174539336710957e-15, -8.587549542273008, 14.874072066633152), (2.7174539336710957e-15, -14.874072066633149, 8.587549542273004), (3.9204958238849124e-15, -17.175099084546016, 0.0), (2.7174539336710957e-15, -14.874072066633149, -8.587549542273004), (2.7174539336710957e-15, -8.587549542273008, -14.874072066633152), (1.2030418902138124e-15, -1.77635683940025e-15, -17.17509908454601), (-2.901507918634357e-16, 8.587549542273008, -14.874072066633152)]"
    },
    "fkSpine_01_ctrlShape": {
        "curve": "fkSpine_01_ctrl",
        "useObjectColor": 2,
        "objectColor": 0,
        "wireColorRGB": "(0.8999999761581421, 0.10000000149011612, 0.0)",
        "lineWidth": -1.0,
        "curve_degree": 1,
        "curve_spans": 12,
        "curve_form": 0,
        "cv_positions": "[(3.3295845594680186e-15, 8.587549542273003, -14.874072066633152), (1.8257821967007536e-15, 14.874072066633147, -8.587549542273004), (-5.803015837268714e-16, 17.175099084546016, 0.0), (1.8257821967007536e-15, 14.874072066633147, 8.587549542273004), (3.3295845594680186e-15, 8.587549542273003, 14.874072066633152), (2.406083780427625e-15, -3.5527136788005e-15, 17.17509908454601), (4.833386922235283e-15, -8.587549542273011, 14.874072066633152), (3.630345032021476e-15, -14.874072066633149, 8.587549542273004), (5.434907867342191e-15, -17.175099084546016, 0.0), (3.630345032021476e-15, -14.874072066633149, -8.587549542273004), (4.833386922235283e-15, -8.587549542273011, -14.874072066633152), (2.406083780427625e-15, -3.5527136788005e-15, -17.17509908454601), (3.3295845594680186e-15, 8.587549542273003, -14.874072066633152)]"
    },
    "ikSpineEnd_ctrlShape": {
        "curve": "ikSpineEnd_ctrl",
        "useObjectColor": 2,
        "objectColor": 0,
        "wireColorRGB": "(0.10000000149011612, 0.8999999761581421, 0.0)",
        "lineWidth": -1.0,
        "curve_degree": 1,
        "curve_spans": 12,
        "curve_form": 0,
        "cv_positions": "[(1.7507450801994973e-14, 7.695472442976893, -13.328949211899513), (1.8855037745789815e-14, 13.328949211899513, -7.695472442976885), (1.9394072523307828e-14, 15.390944885953784, 1.0655018377141182e-20), (1.8855037745789815e-14, 13.328949211899513, 7.695472442976885), (1.7507450801994973e-14, 7.695472442976893, 13.328949211899513), (1.8523132935345655e-14, 1.5191290826864071e-15, 15.39094488595377), (1.966358991206678e-14, -7.695472442976885, 13.328949211899513), (1.9394072523307828e-14, -13.32894921189951, 7.695472442976885), (2.1011176855861702e-14, -15.39094488595377, 1.0655018377141182e-20), (1.9394072523307828e-14, -13.32894921189951, -7.695472442976885), (1.966358991206678e-14, -7.695472442976885, -13.328949211899513), (1.8523132935345655e-14, 1.5191290826864071e-15, -15.39094488595377), (1.7507450801994973e-14, 7.695472442976893, -13.328949211899513)]"
    },
    "ikSpineMid_ctrlShape": {
        "curve": "ikSpineMid_ctrl",
        "useObjectColor": 1,
        "objectColor": 1,
        "wireColorRGB": "(0.10000000149011612, 0.8999999761581421, 0.0)",
        "lineWidth": -1.0,
        "curve_degree": 1,
        "curve_spans": 12,
        "curve_form": 0,
        "cv_positions": "[(1.2931225715553403e-14, 9.345387365735563, -16.18668567608187), (1.1294715144943189e-14, 16.18668567608187, -9.34538736573555), (1.1294715144943189e-14, 18.69077473147112, 1.7820296589359146e-21), (1.1294715144943189e-14, 16.18668567608187, 9.34538736573555), (1.2931225715553403e-14, 9.345387365735563, 16.18668567608187), (1.4210854715202e-14, 1.0473667651905247e-14, 18.6907747314711), (1.4895038400285617e-14, -9.345387365735547, 16.18668567608187), (1.39131320579195e-14, -16.186685676081858, 9.34538736573555), (1.7840757427383983e-14, -18.6907747314711, 1.7820296589359146e-21), (1.39131320579195e-14, -16.186685676081858, -9.34538736573555), (1.4895038400285617e-14, -9.345387365735547, -16.18668567608187), (1.4210854715202e-14, 1.0473667651905247e-14, -18.6907747314711), (1.2931225715553403e-14, 9.345387365735563, -16.18668567608187)]"
    },
    "ikSpineStart_ctrlShape": {
        "curve": "ikSpineStart_ctrl",
        "useObjectColor": 2,
        "objectColor": 0,
        "wireColorRGB": "(0.10000000149011612, 0.8999999761581421, 0.0)",
        "lineWidth": -1.0,
        "curve_degree": 1,
        "curve_spans": 12,
        "curve_form": 0,