{
    "arrowTwist_crvShape": {
        "curve": "arrowTwist_crv",
        "useObjectColor": 1,
        "objectColor": 5,
        "wireColorRGB": "(0.0, 0.0, 0.0)",
        "lineWidth": -1.0,
        "curve_degree": 3,
        "curve_spans": 30,
        "curve_form": 0,
        "cv_positions": "[(-7.028978224990827, 0.0, -0.9798395645637181), (-7.028978224990827, 0.0, -0.9798395645637181), (-6.701849578399755, 3.517581862914409, -1.194785718683938), (-4.211904331979004, 5.81605774248641, -1.460621675153092), (-1.350688455714238, 7.332630084310431, -1.6890634674652951), (3.092047521173464, 6.607942429313876, -1.7572445562477081), (4.519492419104601, 5.387852389019969, -1.7572445562477088), (4.519492419104601, 5.387852389019969, -1.7572445562477088), (4.519492419104601, 5.387852389019969, -1.7572445562477088), (4.811616754135219, 5.123843966889313, -2.948515785819154), (4.811616754135219, 5.123843966889313, -2.948515785819154), (4.811616754135219, 5.123843966889313, -2.948515785819154), (5.925428643667266, 3.90009885791841, -1.9076646902625132), (6.885727648765514, 1.97697041556092, -0.803833949809954), (7.028978224990827, 0.0, -3.121493385989472e-15), (7.028978224990827, 0.0, -3.121493385989472e-15), (7.028978224990827, 0.0, -3.121493385989472e-15), (6.885727648765514, 1.97697041556092, 0.7795136851514796), (5.925428643667268, 3.90009885791841, 1.8986675981345196), (4.811616754135221, 5.123843966889313, 2.9485157858191497), (4.811616754135221, 5.123843966889313, 2.9485157858191497), (4.811616754135221, 5.123843966889313, 2.9485157858191497), (4.519492419104603, 5.387852389019969, 1.7572445562477048), (4.519492419104603, 5.387852389019969, 1.7572445562477048), (4.519492419104603, 5.387852389019969, 1.7572445562477048), (3.0920475211734657, 6.607942429313876, 1.7572445562477055), (-1.3506884557142367, 7.332630084310431, 1.6890634674652965), (-4.211904331979002, 5.81605774248641, 1.4606216751530956), (-6.701849578399753, 3.517581862914409, 1.1947857186839437), (-7.028978224990827, 0.0, 0.9798395645637243), (-7.028978224990827, 0.0, 0.9798395645637243), (-7.028978224990827, 0.0, 0.9798395645637243), (-7.028978224990827, 0.0, -0.9798395645637181)]"
    },
    "arrowTwist_crvShape1": {
        "curve": "arrowTwist_crv",
        "useObjectColor": 1,
        "objectColor": 5,
        "wireColorRGB": "(0.0, 0.0, 0.0)",
        "lineWidth": -1.0,
        "curve_degree": 3,
        "curve_spans": 30,
        "curve_form": 0,
        "cv_positions": "[(7.028978224990827, 0.0, -0.9798395645637243), (7.028978224990827, 0.0, -0.9798395645637243), (6.701849578399753, -3.517581862914409, -1.1947857186839437), (4.211904331979002, -5.81605774248641, -1.4606216751530956), (1.3506884557142367, -7.332630084310431, -1.6890634674652965), (-3.0920475211734657, -6.607942429313876, -1.7572445562477055), (-4.519492419104603, -5.387852389019969, -1.7572445562477048), (-4.519492419104603, -5.387852389019969, -1.7572445562477048), (-4.519492419104603, -5.387852389019969, -1.7572445562477048), (-4.811616754135221, -5.123843966889313, -2.9485157858191497), (-4.811616754135221, -5.123843966889313, -2.9485157858191497), (-4.811616754135221, -5.123843966889313, -2.9485157858191497), (-5.925428643667268, -3.90009885791841, -1.9076646902625078), (-6.885727648765514, -1.97697041556092, -0.8038339498099478), (-7.028978224990827, 0.0, 3.121493385989472e-15), (-7.028978224990827, 0.0, 3.121493385989472e-15), (-7.028978224990827, 0.0, 3.121493385989472e-15), (-6.885727648765514, -1.97697041556092, 0.7795136851514858), (-5.925428643667266, -3.90009885791841, 1.898667598134525), (-4.811616754135219, -5.123843966889313, 2.948515785819154), (-4.811616754135219, -5.123843966889313, 2.948515785819154), (-4.811616754135219, -5.123843966889313, 2.948515785819154), (-4.519492419104601, -5.387852389019969, 1.7572445562477088), (-4.519492419104601, -5.387852389019969, 1.7572445562477088), (-4.519492419104601, -5.387852389019969, 1.7572445562477088), (-3.092047521173464, -6.607942429313876, 1.7572445562477081), (1.350688455714238, -7.332630084310431, 1.6890634674652951), (4.211904331979004, -5.81605774248641, 1.460621675153092), (6.701849578399755, -3.517581862914409, 1.194785718683938), (7.028978224990827, 0.0, 0.9798395645637181), (7.028978224990827, 0.0, 0.9798395645637181), (7.028978224990827, 0.0, 0.9798395645637181), (7.028978224990827, 0.0, -0.9798395645637243)]"
    }
}