{
    "circle_crvShape": {
        "curve": "circle_crv",
        "useObjectColor": 1,
        "objectColor": 3,
        "wireColorRGB": "(0.0, 0.0, 0.0)",
        "lineWidth": -1.0,
        "curve_degree": 3,
        "curve_spans": 8,
        "curve_form": 2,
        "cv_positions": "[(5.540598884057455, 3.3926383443601796e-16, -5.540598884057455), (4.797915158821167e-16, 4.797915158821167e-16, -7.835590085503284), (-5.540598884057455, 3.392638344360179e-16, -5.540598884057454), (-7.835590085503288, 2.487247690816158e-32, -4.0619837369401146e-16), (-5.540598884057455, -3.3926383443601796e-16, 5.540598884057455), (-7.84896417870304e-16, -4.79791515882117e-16, 7.83559008550329), (5.540598884057455, -3.392638344360179e-16, 5.540598884057454), (7.835590085503288, -6.542899961709827e-32, 1.0685366533869601e-15)]"
    }
}