{
    "global_crvShape": {
        "curve": "global_crv",
        "useObjectColor": 2,
        "objectColor": 0,
        "wireColorRGB": "(0.5774999856948853, 0.08820000290870667, 0.18970000743865967)",
        "lineWidth": -1.0,
        "curve_degree": 1,
        "curve_spans": 10,
        "curve_form": 0,
        "cv_positions": "[(5.0, 0.0, 110.0), (75.0, 0.0, 45.0), (85.0, 0.0, 15.0), (80.0, 0.0, -30.0), (60.0, 0.0, -50.0), (-60.0, 0.0, -50.0), (-80.0, 0.0, -30.0), (-85.0, 0.0, 15.0), (-75.0, 0.0, 45.0), (-5.0, 0.0, 110.0), (5.0, 0.0, 110.0)]"
    }
}