{
    "sphere_crvShape": {
        "curve": "sphere_crv",
        "useObjectColor": 1,
        "objectColor": 7,
        "wireColorRGB": "(0.0, 0.0, 0.0)",
        "lineWidth": -1.0,
        "curve_degree": 3,
        "curve_spans": 8,
        "curve_form": 2,
        "cv_positions": "[(5.540020689585572, 3.3922843023555424e-16, -5.540020689585573), (4.797414467816559e-16, 4.797414467816559e-16, -7.83477239503946), (-5.540020689585572, 3.392284302355541e-16, -5.540020689585571), (-7.834772395039463, 2.486988131715215e-32, -4.061559844759734e-16), (-5.540020689585572, -3.392284302355542e-16, 5.540020689585572), (-7.848145092572985e-16, -4.797414467816562e-16, 7.834772395039465), (5.540020689585572, -3.392284302355541e-16, 5.540020689585571), (7.834772395039463, -6.542217171154673e-32, 1.0684251452271166e-15)]"
    },
    "sphere_crvShape1": {
        "curve": "sphere_crv",
        "useObjectColor": 1,
        "objectColor": 7,
        "wireColorRGB": "(0.0, 0.0, 0.0)",
        "lineWidth": -1.0,
        "curve_degree": 3,
        "curve_spans": 8,
        "curve_form": 2,
        "cv_positions": "[(5.540020689585572, 5.540020689585573, 0.0), (4.797414467816559e-16, 7.83477239503946, 0.0), (-5.540020689585572, 5.540020689585571, 0.0), (-7.834772395039463, 4.061559844759734e-16, 0.0), (-5.540020689585572, -5.540020689585572, 0.0), (-7.848145092572985e-16, -7.834772395039465, 0.0), (5.540020689585572, -5.540020689585571, 0.0), (7.834772395039463, -1.0684251452271166e-15, 0.0)]"
    },
    "sphere_crvShape2": {
        "curve": "sphere_crv",
        "useObjectColor": 1,
        "objectColor": 7,
        "wireColorRGB": "(0.0, 0.0, 0.0)",
        "lineWidth": -1.0,
        "curve_degree": 3,
        "curve_spans": 8,
        "curve_form": 2,
        "cv_positions": "[(3.392284302355542e-16, 5.540020689585573, -5.540020689585572), (2.937569136097376e-32, 7.83477239503946, -4.797414467816559e-16), (-3.392284302355542e-16, 5.540020689585571, 5.540020689585572), (-4.797414467816561e-16, 4.061559844759734e-16, 7.834772395039463), (-3.392284302355542e-16, -5.540020689585572, 5.540020689585572), (-4.8056028834317574e-32, -7.834772395039465, 7.848145092572985e-16), (3.392284302355542e-16, -5.540020689585571, -5.540020689585572), (4.797414467816561e-16, -1.0684251452271166e-15, -7.834772395039463)]"
    }
}