{
    "triCircle_crvShape": {
        "curve": "triCircle_crv",
        "useObjectColor": 1,
        "objectColor": 2,
        "wireColorRGB": "(0.2953999936580658, 0.49140000343322754, 0.08749999850988388)",
        "lineWidth": -1.0,
        "curve_degree": 3,
        "curve_spans": 8,
        "curve_form": 2,
        "cv_positions": "[(5.538591022324317, 1.438917814215691e-16, -5.538591022324318), (4.796176438793274e-16, 2.0349370880040787e-16, -7.832750540208912), (-5.538591022324317, 1.4389178142156902e-16, -5.538591022324316), (-7.832750540208916, 1.0549149798509296e-32, -4.0605117116452504e-16), (-5.538591022324317, -1.4389178142156907e-16, 5.538591022324317), (-7.846119786761127e-16, -2.03493708800408e-16, 7.832750540208918), (5.538591022324317, -1.4389178142156902e-16, 5.538591022324316), (7.832750540208916, -2.7750365219995053e-32, 1.068149425597747e-15)]"
    },
    "triCircle_crvShape1": {
        "curve": "triCircle_crv",
        "useObjectColor": 1,
        "objectColor": 2,
        "wireColorRGB": "(0.2953999936580658, 0.49140000343322754, 0.08749999850988388)",
        "lineWidth": -1.0,
        "curve_degree": 3,
        "curve_spans": 8,
        "curve_form": 2,
        "cv_positions": "[(5.538591022324317, 4.998077869415283, -5.538591022324318), (4.796176438793274e-16, 4.998077869415283, -7.832750540208912), (-5.538591022324317, 4.998077869415283, -5.538591022324316), (-7.832750540208916, 4.998077869415283, -4.0605117116452504e-16), (-5.538591022324317, 4.998077869415283, 5.538591022324317), (-7.846119786761127e-16, 4.998077869415283, 7.832750540208918), (5.538591022324317, 4.998077869415283, 5.538591022324316), (7.832750540208916, 4.998077869415283, 1.068149425597747e-15)]"
    },
    "triCircle_crvShape2": {
        "curve": "triCircle_crv",
        "useObjectColor": 1,
        "objectColor": 2,
        "wireColorRGB": "(0.0, 0.0, 0.0)",
        "lineWidth": -1.0,
        "curve_degree": 3,
        "curve_spans": 8,
        "curve_form": 2,
        "cv_positions": "[(5.538591022324317, -4.998077869415283, -5.538591022324318), (4.796176438793274e-16, -4.998077869415283, -7.832750540208912), (-5.538591022324317, -4.998077869415283, -5.538591022324316), (-7.832750540208916, -4.998077869415283, -4.0605117116452504e-16), (-5.538591022324317, -4.998077869415283, 5.538591022324317), (-7.846119786761127e-16, -4.998077869415283, 7.832750540208918), (5.538591022324317, -4.998077869415283, 5.538591022324316), (7.832750540208916, -4.998077869415283, 1.068149425597747e-15)]"
    }
}